Galaxy,in_out,Gal_type,Image_source,Pec,Bar,Type,disk,Core,core?,distance(Mpc),Err_dist Mpc,z,mass_BH,neg_err_mass_BH,pos_err_mass_BH,Log_Mass_BH,Log_neg_err_Mbh,Log_pos_err_Mbh,Avg_Log_err_Mbh,Reference_Mbh,Method_Mbh,Mag_apar_sph,Mag_apar_tot,Gulias_sph_mag_Vega,Gulias_sph_mag_AB,Mag_abso_sph_New,Gulias_tot_mag_Vega,Gulias_tot_mag_AB,Mag_abso_tot_New,Mass_Sph_ML_0.8_0.7_3.8,Log_Mass_Sph_ML_0.8_0.7_3.8,Mass_Gal_ML_0.8_0.7_3.8,Log_Mass_Gal_ML_0.8_0.7_3.8,Log_Mgal_var_ML,Log_Msph_var_ML,Sph_mass_new,Log_Sph_mass_new,Gal_mass_new,Log_Gal_mass_new,Grade,Dist_err_%,Dist_err_quad,M/L_err_%,M/L_err_quad,Dec_err_mag,Dec_err_quad,Err_Log_mass_sph_quad,Dist_err_for_mbh,Err_Log_Mbh_dex,Err_log_mass_gal_dex,COMMENTS,M_bulge/M_gal,Mbh/Msph,Mbh/Mgal,Log_Mbh_Msph_Ratio,Err_Log_Mbh_Msph_Ratio,Log_Mbh_Mgal_Ratio,Err_Log_Mbh_Mgal_Ratio
ic1459,i,ETG,-,-,nb,E,E,yes,yes,28.4,,0.00638495,2.40000E+09,1.00000E+09,1.00000E+09,9.38021E+00,2.34083E-01,1.51268E-01,1.92675E-01,-,-,,,-2.61500E+01,-2.33900E+01,-2.34176E+01,-2.61500E+01,-2.33900E+01,-2.34176E+01,4.17018E+11,1.16202E+01,4.17018E+11,1.16202E+01,1.15920E+01,1.15920E+01,3.57444E+11,1.15532E+01,3.57444E+11,1.15532E+01,Grade-1,7,0.060801227,15,0.065144172,0.2,0.08,0.119752046,0.030400614,1.95059E-01,1.20000E-01,,1.00000E+00,0.00576,0.00576,-2.17300E+00,2.28886E-01,-2.17300E+00,0.229015333
m105,i,ETG,-,-,nb,E,E,yes,yes,10.3,,0.002315669,4.00000E+08,1.00000E+08,1.00000E+08,8.60206E+00,1.24939E-01,9.69100E-02,1.10924E-01,-,-,,,-2.42900E+01,-2.15300E+01,-2.15400E+01,-2.42900E+01,-2.15300E+01,-2.15400E+01,7.39803E+10,1.08691E+01,7.39803E+10,1.08691E+01,1.07694E+01,1.07694E+01,6.34117E+10,1.08022E+01,6.34117E+10,1.08022E+01,Grade-2,7,0.060801227,15,0.065144172,0.6,0.24,0.256008891,0.030400614,1.15015E-01,1.20000E-01,,1.00000E+00,0.00541,0.00541,-2.20011E+00,2.80658E-01,-2.20011E+00,0.166217972
m49,i,ETG,-,-,nb,E,E,yes,yes,17.1,,0.00384446,2.50000E+09,1.00000E+08,3.00000E+08,9.39794E+00,1.77288E-02,4.92180E-02,3.34734E-02,-,-,,,-2.65400E+01,-2.37800E+01,-2.37967E+01,-2.65400E+01,-2.37800E+01,-2.37967E+01,5.91240E+11,1.17718E+01,5.91240E+11,1.17718E+01,1.17039E+01,1.17039E+01,5.06777E+11,1.17048E+01,5.06777E+11,1.17048E+01,Grade-1,7,0.060801227,15,0.065144172,0.2,0.08,0.119752046,0.030400614,4.52180E-02,1.20000E-01,,1.00000E+00,0.00423,0.00423,-2.30688E+00,1.28005E-01,-2.30688E+00,0.128236756
m59,i,ETG,-,-,nb,E,E,no,no,17.8,,0.004001835,3.90000E+08,4.00000E+07,4.00000E+07,8.59106E+00,4.69966E-02,4.24038E-02,4.47002E-02,-,-,,,-2.51800E+01,-2.24200E+01,-2.24373E+01,-2.52700E+01,-2.25100E+01,-2.25273E+01,1.69058E+11,1.12280E+01,1.83669E+11,1.12640E+01,1.11411E+01,1.11051E+01,1.44907E+11,1.11611E+01,1.57431E+11,1.11971E+01,Grade-1,7,0.060801227,15,0.065144172,0.2,0.08,0.119752046,0.030400614,5.40584E-02,1.20000E-01,,9.20450E-01,0.00231,0.00212,-2.57002E+00,1.31388E-01,-2.60602E+00,0.131614231
m84,i,ETG,-,-,nb,E,E,yes,yes,17.9,,0.004024317,9.00000E+08,8.00000E+07,9.00000E+07,8.95424E+00,4.04287E-02,4.13927E-02,4.09107E-02,-,-,,,-2.60100E+01,-2.32500E+01,-2.32674E+01,-2.60100E+01,-2.32500E+01,-2.32674E+01,3.63141E+11,1.15601E+01,3.63141E+11,1.15601E+01,1.14575E+01,1.14575E+01,3.11263E+11,1.14931E+01,3.11263E+11,1.14931E+01,Grade-2,7,0.060801227,15,0.065144172,0.6,0.24,0.256008891,0.030400614,5.09694E-02,1.20000E-01,,1.00000E+00,0.00248,0.00248,-2.53889E+00,2.61033E-01,-2.53889E+00,0.130375919
m87,i,ETG,-,pec,nb,E,E,yes,yes,15.6,,0.003507226,5.80000E+09,3.50000E+08,3.50000E+08,9.76343E+00,2.70315E-02,2.54471E-02,2.62393E-02,-,-,,,-2.60000E+01,-2.32400E+01,-2.32552E+01,-2.60000E+01,-2.32400E+01,-2.32552E+01,3.59071E+11,1.15552E+01,3.59071E+11,1.15552E+01,1.14336E+01,1.14336E+01,3.07775E+11,1.14882E+01,3.07775E+11,1.14882E+01,Grade-2,7,0.060801227,15,0.065144172,0.6,0.24,0.256008891,0.030400614,4.01584E-02,1.20000E-01,,1.00000E+00,0.01615,0.01615,-1.72481E+00,2.59139E-01,-1.72481E+00,0.126541292
n0821,i,ETG,-,-,nb,E,E,no,no,23.4,,0.005260839,3.90000E+07,9.00000E+06,2.60000E+07,7.59106E+00,1.13943E-01,2.21849E-01,1.67896E-01,-,-,,,-2.40000E+01,-2.12400E+01,-2.12628E+01,-2.42600E+01,-2.15000E+01,-2.15228E+01,5.73077E+10,1.07582E+01,7.28137E+10,1.08622E+01,1.07186E+01,1.06146E+01,4.91209E+10,1.06913E+01,6.24117E+10,1.07953E+01,Grade-3,7,0.060801227,15,0.065144172,0.8,0.32,0.332175484,0.030400614,1.70626E-01,1.20000E-01,,7.87046E-01,0.00068,0.00054,-3.10020E+00,3.73435E-01,-3.20420E+00,0.208598375
n1023,i,ETG,-,-,b,S0-bar,S,no,no,11.1,,0.002495526,4.20000E+07,4.00000E+06,4.00000E+06,7.62325E+00,4.34657E-02,3.95085E-02,4.14871E-02,-,-,,,-2.28200E+01,-2.00600E+01,-2.00708E+01,-2.42000E+01,-2.14400E+01,-2.14508E+01,1.91174E+10,1.02814E+01,6.81440E+10,1.08334E+01,1.07691E+01,1.02171E+01,1.63863E+10,1.02145E+01,5.84092E+10,1.07665E+01,Grade-1,7,0.060801227,15,0.065144172,0.2,0.08,0.119752046,0.030400614,5.14332E-02,1.20000E-01,,2.80543E-01,0.00220,0.00062,-2.59123E+00,1.30330E-01,-3.14323E+00,0.130557949
n1316,o,ETG,-,pec*,nb,merger,S,no,no,18.6,,0.004181693,1.50000E+08,8.00000E+07,7.50000E+07,8.17609E+00,3.30993E-01,1.76091E-01,2.53542E-01,-,-,,,-2.48900E+01,-2.21300E+01,-2.21481E+01,-2.64800E+01,-2.37200E+01,-2.37381E+01,1.29523E+11,1.11123E+01,5.60205E+11,1.17483E+01,1.16481E+01,1.10121E+01,1.11020E+11,1.10454E+01,4.80176E+11,1.16814E+01,Grade-2,7,0.060801227,15,0.065144172,0.6,0.24,0.256008891,0.030400614,2.55358E-01,1.20000E-01,,2.31206E-01,0.00116,0.00027,-2.86931E+00,3.61592E-01,-3.50531E+00,0.282148656
n1332,i,ETG,-,-,nb,E/S0,S,no,no,22.3,,0.005013535,1.45000E+09,2.00000E+08,2.00000E+08,9.16137E+00,6.44580E-02,5.61159E-02,6.02870E-02,-,-,,,-2.48900E+01,-2.21300E+01,-2.21517E+01,-2.49500E+01,-2.21900E+01,-2.22117E+01,1.29953E+11,1.11138E+01,1.37336E+11,1.11378E+01,1.11053E+01,1.10813E+01,1.11388E+11,1.10468E+01,1.17717E+11,1.10708E+01,Grade-3,7,0.060801227,15,0.065144172,0.8,0.32,0.332175484,0.030400614,6.75183E-02,1.20000E-01,,9.46237E-01,0.01116,0.01056,-1.88547E+00,3.38968E-01,-1.90947E+00,0.137690652
n1399,i,ETG,-,pec,nb,E,E,yes,yes,19.4,,0.004361551,4.70000E+08,6.00000E+07,6.00000E+07,8.67210E+00,5.93140E-02,5.21780E-02,5.57460E-02,-,-,,,-2.64300E+01,-2.36700E+01,-2.36889E+01,-2.64600E+01,-2.37000E+01,-2.37189E+01,5.35375E+11,1.17287E+01,5.50375E+11,1.17407E+01,1.17243E+01,1.17123E+01,4.58893E+11,1.16617E+01,4.71750E+11,1.16737E+01,Grade-1,7,0.060801227,15,0.065144172,0.2,0.08,0.119752046,0.030400614,6.34966E-02,1.20000E-01,,9.72747E-01,0.00088,0.00085,-2.98961E+00,1.35545E-01,-3.00161E+00,0.135763819
n2549,i,ETG,-,-,b,S0-bar,S,no,no,12.3,,0.002765313,1.40000E+07,1.30000E+07,2.00000E+06,7.14613E+00,1.14613E+00,5.79919E-02,6.02060E-01,-,-,,,-2.12500E+01,-1.84900E+01,-1.85020E+01,-2.26000E+01,-1.98400E+01,-1.98520E+01,4.50708E+09,9.65390E+00,1.56277E+10,1.01939E+01,1.01109E+01,9.57092E+00,3.86321E+09,9.58695E+00,1.33952E+10,1.01269E+01,Grade-1,7,0.060801227,15,0.065144172,0.2,0.08,0.119752046,0.030400614,6.02827E-01,1.20000E-01,,2.88403E-01,0.00311,0.00090,-2.44082E+00,6.14606E-01,-2.98082E+00,0.614654724
n2778,i,ETG,-,-,b,S0-bar,S,no,no,22.3,,0.005013535,1.50000E+07,1.00000E+07,9.00000E+06,7.17609E+00,4.77121E-01,2.04120E-01,3.40621E-01,-,-,,,-2.08000E+01,-1.80400E+01,-1.80617E+01,-2.24400E+01,-1.96800E+01,-1.97017E+01,3.00459E+09,9.47779E+00,1.36077E+10,1.01338E+01,9.97853E+00,9.32253E+00,2.57537E+09,9.41084E+00,1.16638E+10,1.00668E+01,Grade-2,7,0.060801227,15,0.065144172,0.6,0.24,0.256008891,0.030400614,3.41975E-01,1.20000E-01,,2.20800E-01,0.00499,0.00110,-2.23475E+00,4.27185E-01,-2.89075E+00,0.362417722
n3091,i,ETG,-,-,nb,E,E,yes,yes,51.2,,0.011510897,3.60000E+09,2.00000E+08,1.00000E+08,9.55630E+00,2.48236E-02,1.18992E-02,1.83614E-02,-,-,,,-2.62800E+01,-2.35200E+01,-2.35697E+01,-2.62800E+01,-2.35200E+01,-2.35697E+01,4.79712E+11,1.16810E+01,4.79712E+11,1.16810E+01,1.16242E+01,1.16242E+01,4.11181E+11,1.16140E+01,4.11181E+11,1.16140E+01,Grade-1,7,0.060801227,15,0.065144172,0.2,0.08,0.119752046,0.030400614,3.55153E-02,1.20000E-01,,1.00000E+00,0.00750,0.00750,-2.05773E+00,1.24908E-01,-2.05773E+00,0.125145269
n3115,i,ETG,-,-,nb,E/S0,S,no,no,9.4,,0.002113329,8.80000E+08,2.70000E+08,1.00000E+09,8.94448E+00,1.59153E-01,3.29675E-01,2.44414E-01,-,-,,,-2.42200E+01,-2.14600E+01,-2.14692E+01,-2.44000E+01,-2.16400E+01,-2.16492E+01,6.93051E+10,1.08408E+01,8.18023E+10,1.09128E+01,1.08208E+01,1.07488E+01,5.94044E+10,1.07738E+01,7.01162E+10,1.08458E+01,Grade-1,7,0.060801227,15,0.065144172,0.2,0.08,0.119752046,0.030400614,2.46297E-01,1.20000E-01,,8.47227E-01,0.01270,0.01076,-1.82934E+00,2.73867E-01,-1.90134E+00,0.273975189
n3245,i,ETG,-,-,b,S0-bar,S,no,no,20.3,,0.004563891,2.00000E+08,5.00000E+07,5.00000E+07,8.30103E+00,1.24939E-01,9.69100E-02,1.10924E-01,-,-,,,-2.24300E+01,-1.96700E+01,-1.96898E+01,-2.38800E+01,-2.11200E+01,-2.11398E+01,1.34589E+10,1.01290E+01,5.11692E+10,1.07090E+01,1.05773E+01,9.99733E+00,1.15362E+10,1.00621E+01,4.38593E+10,1.06421E+01,Grade-1,7,0.060801227,15,0.065144172,0.2,0.08,0.119752046,0.030400614,1.15015E-01,1.20000E-01,,2.63027E-01,0.01486,0.00391,-1.76103E+00,1.66039E-01,-2.34103E+00,0.166217972
n3377,i,ETG,-,-,nb,E,E,no,no,10.9,,0.002450562,7.70000E+07,6.00000E+06,4.00000E+06,7.88649E+00,3.52324E-02,2.19943E-02,2.86133E-02,-,-,,,-2.34900E+01,-2.07300E+01,-2.07406E+01,-2.35700E+01,-2.08100E+01,-2.08206E+01,3.54283E+10,1.05493E+01,3.81373E+10,1.05813E+01,1.04252E+01,1.03932E+01,3.03671E+10,1.04824E+01,3.26891E+10,1.05144E+01,Grade-2,7,0.060801227,15,0.065144172,0.6,0.24,0.256008891,0.030400614,4.17483E-02,1.20000E-01,,9.28966E-01,0.00217,0.00202,-2.59591E+00,2.59391E-01,-2.62791E+00,0.127054792
n3384,i,ETG,-,-,b,S0-bar,S,no,no,11.3,,0.002540491,1.70000E+07,2.00000E+06,1.00000E+06,7.23045E+00,5.43577E-02,2.48236E-02,3.95906E-02,-,-,,,-2.24300E+01,-1.96700E+01,-1.96810E+01,-2.37400E+01,-2.09800E+01,-2.09910E+01,1.33508E+10,1.01255E+01,4.46176E+10,1.06495E+01,1.05753E+01,1.00513E+01,1.14435E+10,1.00586E+01,3.82436E+10,1.05826E+01,Grade-1,7,0.060801227,15,0.065144172,0.2,0.08,0.119752046,0.030400614,4.99161E-02,1.20000E-01,,2.99226E-01,0.00127,0.00038,-2.82811E+00,1.29739E-01,-3.35211E+00,0.129967745
n3414,i,ETG,-,pec,nb,E,E,no,no,24.5,,0.005508144,2.40000E+08,3.00000E+07,3.00000E+07,8.38021E+00,5.79919E-02,5.11525E-02,5.45722E-02,-,-,,,-2.43500E+01,-2.15900E+01,-2.16139E+01,-2.44200E+01,-2.16600E+01,-2.16839E+01,7.91845E+10,1.08986E+01,8.44579E+10,1.09266E+01,1.08321E+01,1.08041E+01,6.78725E+10,1.08317E+01,7.23925E+10,1.08597E+01,Grade-1,7,0.060801227,15,0.065144172,0.2,0.08,0.119752046,0.030400614,6.24686E-02,1.20000E-01,,9.37562E-01,0.00303,0.00284,-2.45148E+00,1.35066E-01,-2.47948E+00,0.13528609
n3489,i,ETG,-,-,b,S0/Sp-bar,S,no,no,11.7,,0.00263042,5.80000E+06,8.00000E+05,8.00000E+05,6.76343E+00,6.44580E-02,5.61159E-02,6.02870E-02,-,-,,,-2.11300E+01,-1.83700E+01,-1.83814E+01,-2.30700E+01,-2.03100E+01,-2.03214E+01,4.03331E+09,9.60566E+00,2.40803E+10,1.03817E+01,1.02175E+01,9.44147E+00,3.45712E+09,9.53871E+00,2.06402E+10,1.03147E+01,Grade-2,7,0.060801227,15,0.065144172,0.6,0.24,0.256008891,0.030400614,6.75183E-02,1.20000E-01,,1.67494E-01,0.00144,0.00024,-2.77529E+00,2.64763E-01,-3.55129E+00,0.137690653
n3585,i,ETG,-,-,nb,E,E,no,no,19.5,,0.004384033,3.10000E+08,6.00000E+07,1.40000E+08,8.49136E+00,9.34217E-02,1.61851E-01,1.27636E-01,-,-,,,-2.55200E+01,-2.27600E+01,-2.27790E+01,-2.55500E+01,-2.27900E+01,-2.28090E+01,2.31578E+11,1.13647E+01,2.38066E+11,1.13767E+01,1.13406E+01,1.13286E+01,1.98495E+11,1.12978E+01,2.04057E+11,1.13098E+01,Grade-2,7,0.060801227,15,0.065144172,0.6,0.24,0.256008891,0.030400614,1.31207E-01,1.20000E-01,,9.72747E-01,0.00134,0.00130,-2.80639E+00,2.87673E-01,-2.81839E+00,0.177806665
n3607,i,ETG,-,-,nb,E,E,no,no,22.2,,0.004991053,1.30000E+08,5.00000E+07,5.00000E+07,8.11394E+00,2.10853E-01,1.41329E-01,1.76091E-01,-,-,,,-2.53600E+01,-2.26000E+01,-2.26216E+01,-2.54500E+01,-2.26900E+01,-2.27116E+01,2.00330E+11,1.13017E+01,2.17644E+11,1.13377E+01,1.12210E+01,1.11850E+01,1.71712E+11,1.12348E+01,1.86552E+11,1.12708E+01,Grade-2,7,0.060801227,15,0.065144172,0.6,0.24,0.256008891,0.030400614,1.78696E-01,1.20000E-01,,9.20450E-01,0.00065,0.00060,-3.12086E+00,3.12206E-01,-3.15686E+00,0.215249457
n3608,i,ETG,-,-,nb,E,E,yes,yes,22.3,,0.005013535,2.00000E+08,6.00000E+07,1.10000E+08,8.30103E+00,1.54902E-01,1.90332E-01,1.72617E-01,-,-,,,-2.45000E+01,-2.17400E+01,-2.17617E+01,-2.45000E+01,-2.17400E+01,-2.17617E+01,9.07373E+10,1.09578E+01,9.07373E+10,1.09578E+01,1.07694E+01,1.07694E+01,7.77748E+10,1.08908E+01,7.77748E+10,1.08908E+01,Grade-2,7,0.060801227,15,0.065144172,0.6,0.24,0.256008891,0.030400614,1.75273E-01,1.20000E-01,,1.00000E+00,0.00220,0.00220,-2.58981E+00,3.10260E-01,-2.58981E+00,0.212416494
n3842,i,ETG,-,-,nb,E,E,yes,yes,98.4,,0.022122504,9.70000E+09,2.60000E+09,3.00000E+09,9.98677E+00,1.35513E-01,1.17032E-01,1.26273E-01,-,-,,,-2.70000E+01,-2.42400E+01,-2.43350E+01,-2.70400E+01,-2.42800E+01,-2.43750E+01,9.70755E+11,1.19871E+01,1.00719E+12,1.20031E+01,1.18748E+01,1.18588E+01,8.32076E+11,1.19202E+01,8.63303E+11,1.19362E+01,Grade-1,7,0.060801227,15,0.065144172,0.2,0.08,0.119752046,0.030400614,1.29881E-01,1.20000E-01,,9.63829E-01,0.00999,0.00963,-1.93339E+00,1.76662E-01,-1.94939E+00,0.176830395
n3998,i,ETG,-,-,b,S0-bar,S,no,no,13.7,,0.003080064,8.10000E+08,1.90000E+08,2.00000E+08,8.90849E+00,1.16093E-01,9.58364E-02,1.05965E-01,-,-,,,-2.23200E+01,-1.95600E+01,-1.95734E+01,-2.35300E+01,-2.07700E+01,-2.07834E+01,1.20904E+10,1.00824E+01,3.68502E+10,1.05664E+01,1.05211E+01,1.00371E+01,1.03632E+10,1.00155E+01,3.15859E+10,1.04995E+01,Grade-3,7,0.060801227,15,0.065144172,0.8,0.32,0.332175484,0.030400614,1.10239E-01,1.20000E-01,,3.28095E-01,0.06700,0.02198,-1.10701E+00,3.49990E-01,-1.59101E+00,0.162950131
n4261,i,ETG,-,-,nb,E,E,yes,yes,30.8,,0.006924524,5.00000E+08,1.00000E+08,1.00000E+08,8.69897E+00,9.69100E-02,7.91812E-02,8.80456E-02,-,-,,,-2.57200E+01,-2.29600E+01,-2.29900E+01,-2.57600E+01,-2.30000E+01,-2.30300E+01,2.81246E+11,1.14491E+01,2.91800E+11,1.14651E+01,1.14291E+01,1.14131E+01,2.41068E+11,1.13821E+01,2.50115E+11,1.13981E+01,Grade-2,7,0.060801227,15,0.065144172,0.6,0.24,0.256008891,0.030400614,9.31463E-02,1.20000E-01,,9.63829E-01,0.00178,0.00171,-2.68317E+00,2.72428E-01,-2.69917E+00,0.151908624
n4291,i,ETG,-,-,nb,E,E,yes,yes,25.5,,0.005732966,3.30000E+08,2.50000E+08,9.00000E+07,8.51851E+00,6.15424E-01,1.04735E-01,3.60080E-01,-,-,,,-2.40500E+01,-2.12900E+01,-2.13148E+01,-2.40500E+01,-2.12900E+01,-2.13148E+01,6.01214E+10,1.07790E+01,6.01214E+10,1.07790E+01,1.06857E+01,1.06857E+01,5.15326E+10,1.07121E+01,5.15326E+10,1.07121E+01,Grade-2,7,0.060801227,15,0.065144172,0.6,0.24,0.256008891,0.030400614,3.61361E-01,1.20000E-01,,1.00000E+00,0.00549,0.00549,-2.19357E+00,4.42857E-01,-2.19357E+00,0.380764432
n4459,i,ETG,-,-,nb,S0,S,no,no,15.7,,0.003529709,6.80000E+07,1.30000E+07,1.30000E+07,7.83251E+00,9.21462E-02,7.59761E-02,8.40612E-02,-,-,,,-2.34800E+01,-2.07200E+01,-2.07353E+01,-2.40100E+01,-2.12500E+01,-2.12653E+01,3.52549E+10,1.05472E+01,5.74406E+10,1.07592E+01,1.07061E+01,1.04941E+01,3.02185E+10,1.04803E+01,4.92348E+10,1.06923E+01,Grade-2,7,0.060801227,15,0.065144172,0.6,0.24,0.256008891,0.030400614,8.93895E-02,1.20000E-01,,6.13762E-01,0.00193,0.00118,-2.64776E+00,2.71166E-01,-2.85976E+00,0.149634477
n4473,i,ETG,-,-,nb,E,E,no,no,15.3,,0.00343978,1.20000E+08,9.00000E+07,4.00000E+07,8.07918E+00,6.02060E-01,1.24939E-01,3.63499E-01,-,-,,,-2.38800E+01,-2.11200E+01,-2.11349E+01,-2.41100E+01,-2.13500E+01,-2.13649E+01,5.09405E+10,1.07071E+01,6.29598E+10,1.07991E+01,1.07058E+01,1.06138E+01,4.36633E+10,1.06401E+01,5.39655E+10,1.07321E+01,Grade-2,7,0.060801227,15,0.065144172,0.6,0.24,0.256008891,0.030400614,3.64768E-01,1.20000E-01,,8.09096E-01,0.00236,0.00191,-2.56094E+00,4.45642E-01,-2.65294E+00,0.38399998
n4564,i,ETG,-,-,nb,S0,S,no,no,14.6,,0.003282404,6.00000E+07,9.00000E+06,3.00000E+06,7.77815E+00,7.05811E-02,2.11893E-02,4.58852E-02,-,-,,,-2.23000E+01,-1.95400E+01,-1.95542E+01,-2.29900E+01,-2.02300E+01,-2.02442E+01,1.18793E+10,1.00748E+01,2.24280E+10,1.03508E+01,1.02687E+01,9.99268E+00,1.01823E+10,1.00078E+01,1.92240E+10,1.02838E+01,Grade-1,7,0.060801227,15,0.065144172,0.2,0.08,0.119752046,0.030400614,5.50422E-02,1.20000E-01,,5.29663E-01,0.00505,0.00268,-2.22969E+00,1.31796E-01,-2.50569E+00,0.132021391
n4596,i,ETG,-,-,b,S0-bar,S,no,no,17,,0.003821977,7.90000E+07,3.30000E+07,3.80000E+07,7.89763E+00,2.34869E-01,1.70559E-01,2.02714E-01,-,-,,,-2.27300E+01,-1.99700E+01,-1.99866E+01,-2.41800E+01,-2.14200E+01,-2.14366E+01,1.76899E+10,1.02477E+01,6.72550E+10,1.08277E+01,1.07079E+01,1.01279E+01,1.51628E+10,1.01808E+01,5.76472E+10,1.07608E+01,Grade-1,7,0.060801227,15,0.065144172,0.2,0.08,0.119752046,0.030400614,2.04981E-01,1.20000E-01,,2.63027E-01,0.00447,0.00117,-2.28315E+00,2.37398E-01,-2.86315E+00,0.237522987
n4697,i,ETG,-,-,nb,E,E,no,no,11.4,,0.002562973,1.80000E+08,1.00000E+07,2.00000E+07,8.25527E+00,2.48236E-02,4.57575E-02,3.52905E-02,-,-,,,-2.48200E+01,-2.20600E+01,-2.20711E+01,-2.49400E+01,-2.21800E+01,-2.21911E+01,1.20655E+11,1.10815E+01,1.34755E+11,1.11295E+01,1.09854E+01,1.09374E+01,1.03418E+11,1.10146E+01,1.15504E+11,1.10626E+01,Grade-3,7,0.060801227,15,0.065144172,0.8,0.32,0.332175484,0.030400614,4.65792E-02,1.20000E-01,,8.95365E-01,0.00149,0.00134,-2.75933E+00,3.35425E-01,-2.80733E+00,0.128723033
n4889,i,ETG,-,-,nb,E,E,yes,yes,103.2,,0.023201651,2.10000E+10,1.60000E+10,1.60000E+10,1.03222E+01,6.23249E-01,2.45982E-01,4.34616E-01,-,-,,,-2.75400E+01,-2.47800E+01,-2.48796E+01,-2.75400E+01,-2.47800E+01,-2.48796E+01,1.60303E+12,1.22049E+01,1.60303E+12,1.22049E+01,1.21856E+01,1.21856E+01,1.37403E+12,1.21380E+01,1.37403E+12,1.21380E+01,Grade-1,7,0.060801227,15,0.065144172,0.2,0.08,0.119752046,0.030400614,4.35678E-01,1.20000E-01,,1.00000E+00,0.01310,0.01310,-1.81578E+00,4.51836E-01,-1.81578E+00,0.451901696
n5077,i,ETG,-,-,nb,E,E,yes,yes,41.2,,0.009262675,7.40000E+08,3.00000E+08,4.70000E+08,8.86923E+00,2.25779E-01,2.13554E-01,2.19666E-01,-,-,,,-2.54500E+01,-2.26900E+01,-2.27300E+01,-2.54500E+01,-2.26900E+01,-2.27300E+01,2.21368E+11,1.13451E+01,2.21368E+11,1.13451E+01,1.13061E+01,1.13061E+01,1.89744E+11,1.12782E+01,1.89744E+11,1.12782E+01,Grade-1,7,0.060801227,15,0.065144172,0.2,0.08,0.119752046,0.030400614,2.21760E-01,1.20000E-01,,1.00000E+00,0.00334,0.00334,-2.40894E+00,2.52028E-01,-2.40894E+00,0.252145794
n5128,o,ETG,-,pec*,nb,merger,S,no,no?,3.8,,0.000854324,4.50000E+07,1.00000E+07,1.70000E+07,7.65321E+00,1.09144E-01,1.39179E-01,1.24162E-01,-,-,,,-2.38900E+01,-2.11300E+01,-2.11337E+01,-2.49700E+01,-2.22100E+01,-2.22137E+01,5.08840E+10,1.07066E+01,1.37588E+11,1.11386E+01,1.10254E+01,1.05934E+01,4.36149E+10,1.06396E+01,1.17933E+11,1.10716E+01,Grade-3,7,0.060801227,15,0.065144172,0.8,0.32,0.332175484,0.030400614,1.27829E-01,1.20000E-01,,3.69828E-01,0.00088,0.00033,-2.98642E+00,3.55923E-01,-3.41842E+00,0.175329277
n5576,i,ETG,-,-,nb,E,E,no,no,24.8,,0.005575591,1.60000E+08,4.00000E+07,3.00000E+07,8.20412E+00,1.24939E-01,7.46336E-02,9.97862E-02,-,-,,,-2.44400E+01,-2.16800E+01,-2.17041E+01,-2.44400E+01,-2.16800E+01,-2.17041E+01,8.60512E+10,1.09348E+01,8.60512E+10,1.09348E+01,1.08522E+01,1.08522E+01,7.37582E+10,1.08678E+01,7.37582E+10,1.08678E+01,Grade-1,7,0.060801227,15,0.065144172,0.2,0.08,0.119752046,0.030400614,1.04314E-01,1.20000E-01,,1.00000E+00,0.00186,0.00186,-2.66369E+00,1.58814E-01,-2.66369E+00,0.159001505
n5846,i,ETG,-,-,nb,E,E,yes,yes,24.2,,0.005440697,1.10000E+09,1.00000E+08,1.00000E+08,9.04139E+00,4.13927E-02,3.77886E-02,3.95906E-02,-,-,,,-2.58100E+01,-2.30500E+01,-2.30736E+01,-2.58100E+01,-2.30500E+01,-2.30736E+01,3.03755E+11,1.14825E+01,3.03755E+11,1.14825E+01,1.14317E+01,1.14317E+01,2.60362E+11,1.14156E+01,2.60362E+11,1.14156E+01,Grade-2,7,0.060801227,15,0.065144172,0.6,0.24,0.256008891,0.030400614,4.99161E-02,1.20000E-01,,1.00000E+00,0.00362,0.00362,-2.37418E+00,2.60830E-01,-2.37418E+00,0.129967745
n6251,i,ETG,-,-,nb,E,E,yes,yes?,104.6,,0.023516402,5.90000E+08,2.00000E+08,2.00000E+08,8.77085E+00,1.79787E-01,1.26775E-01,1.53281E-01,-,-,,,-2.67500E+01,-2.39900E+01,-2.40909E+01,-2.67500E+01,-2.39900E+01,-2.40909E+01,7.75313E+11,1.18895E+01,7.75313E+11,1.18895E+01,1.19716E+01,1.19716E+01,6.64554E+11,1.18225E+01,6.64554E+11,1.18225E+01,Grade-1,7,0.060801227,15,0.065144172,0.2,0.08,0.119752046,0.030400614,1.56267E-01,1.20000E-01,,1.00000E+00,0.00076,0.00076,-3.05168E+00,1.96875E-01,-3.05168E+00,0.197026233
n7619,i,ETG,-,-,nb,E,E,yes,yes,51.5,,0.011578343,2.50000E+09,3.00000E+08,8.00000E+08,9.39794E+00,5.55173E-02,1.20574E-01,8.80456E-02,-,-,,,-2.63500E+01,-2.35900E+01,-2.36400E+01,-2.64100E+01,-2.36500E+01,-2.37000E+01,5.11795E+11,1.17091E+01,5.40874E+11,1.17331E+01,1.16843E+01,1.16603E+01,4.38682E+11,1.16421E+01,4.63606E+11,1.16661E+01,Grade-2,7,0.060801227,15,0.065144172,0.6,0.24,0.256008891,0.030400614,9.31463E-02,1.20000E-01,,9.46237E-01,0.00488,0.00462,-2.24421E+00,2.72428E-01,-2.26821E+00,0.151908624
n7768,i,ETG,-,-,nb,E,E,yes,yes,112.8,,0.025359944,1.30000E+09,4.00000E+08,5.00000E+08,9.11394E+00,1.59701E-01,1.41329E-01,1.50515E-01,-,-,,,-2.69000E+01,-2.41400E+01,-2.42488E+01,-2.69000E+01,-2.41400E+01,-2.42488E+01,8.96610E+11,1.19526E+01,8.96610E+11,1.19526E+01,1.18711E+01,1.18711E+01,7.68523E+11,1.18857E+01,7.68523E+11,1.18857E+01,Grade-2,7,0.060801227,15,0.065144172,0.6,0.24,0.256008891,0.030400614,1.53554E-01,1.20000E-01,,1.00000E+00,0.00145,0.00145,-2.77171E+00,2.98529E-01,-2.77171E+00,0.194881918
NGC 4526,i,ETG,SHA,-,nb,S0,S,no,,16.9,1.69,0.003799495,4.70000E+08,1.40000E+07,1.40000E+07,8.67210E+00,1.31330E-02,1.27475E-02,1.29403E-02,Gould(2013)-(Davis et.al 2013),Gas,9.88202E+00,9.01596E+00,,,-2.12739E+01,,,-2.21399E+01,5.78964E+10,1.07627E+01,1.28551E+11,1.11091E+01,1.10740E+01,1.07276E+01,4.96255E+10,1.06957E+01,1.10187E+11,1.10421E+01,Grade-2,10,0.086858896,15,0.065144172,0.6,0.24,0.263416459,0.043429448,4.53163E-02,1.20000E-01,,4.50377E-01,0.00812,0.00366,-2.02361E+00,2.67286E-01,-2.37003E+00,0.128271459
NGC 4371,i,ETG,S4G,-,b,SB(r)0,S,no,,16.9,1.481,0.003799495,7.00000E+06,1.10000E+06,1.30000E+06,6.84510E+00,7.42460E-02,7.39801E-02,7.41130E-02,Saglia et al.(2016)-(not found),?,1.18877E+01,1.01283E+01,,,-1.92682E+01,,,-2.10276E+01,9.12808E+09,9.96038E+00,4.61466E+10,1.06641E+01,1.05815E+01,9.87772E+00,7.82407E+09,9.89343E+00,3.95542E+10,1.05972E+01,Grade-2,8.76,0.076088393,15,0.065144172,0.6,0.24,0.260063851,0.038044197,8.33073E-02,1.20000E-01,,1.97806E-01,0.00077,0.00015,-3.04833E+00,2.73081E-01,-3.75209E+00,0.146082523
NGC 5018,i,ETG,S4G,-,nb,S0,S,no,,40.55,4.867,0.00911654,1.05000E+08,1.73000E+07,2.06000E+07,8.02119E+00,7.81897E-02,7.78003E-02,7.79950E-02,Saglia et al.(2016)-(not found),?,1.11053E+01,1.01682E+01,,,-2.19741E+01,,,-2.29112E+01,1.10338E+11,1.10427E+01,2.61556E+11,1.14176E+01,1.13400E+01,1.09652E+01,9.45754E+10,1.09758E+01,2.24191E+11,1.13506E+01,Grade-2,12,0.104230676,15,0.065144172,0.6,0.24,0.269643833,0.052115338,9.38042E-02,1.20000E-01,,4.21852E-01,0.00095,0.00040,-2.95459E+00,2.85494E-01,-3.32943E+00,0.152312941
NGC 6861,i,ETG,SHA,-,nb,ES,S,no,,27.3,4.5,0.006137646,2.00000E+09,2.00000E+08,2.00000E+08,9.30103E+00,4.57575E-02,4.13927E-02,4.35751E-02,Rusli et al. (2013),Stellar,1.03250E+01,1.01122E+01,,,-2.18824E+01,,,-2.20952E+01,1.01403E+11,1.10061E+01,1.23360E+11,1.10912E+01,1.11030E+01,1.10178E+01,8.69173E+10,1.09391E+01,1.05737E+11,1.10242E+01,Grade-2,16.45,0.142882885,15,0.065144172,0.6,0.24,0.28680879,0.071441442,8.36819E-02,1.20000E-01,,8.22015E-01,0.01972,0.01621,-1.63808E+00,2.98767E-01,-1.72320E+00,0.146296507
NGC1275,i,ETG,SHA,pec,nb,ES/E,E,no,,72.9,,0.016389538,8.00000E+08,2.00000E+08,7.00000E+08,8.90309E+00,1.24939E-01,2.73001E-01,1.98970E-01,J.Scharwachter et.al(2013) and dist from NASA NED,Gas,1.02384E+01,1.01549E+01,,,-2.41458E+01,,,-2.42293E+01,8.15519E+11,1.19114E+01,8.80712E+11,1.19448E+01,1.20063E+01,1.19729E+01,6.99016E+11,1.18445E+01,7.54896E+11,1.18779E+01,Grade-2,7,0.060801227,15,0.065144172,0.6,0.24,0.256008891,0.030400614,2.01279E-01,1.20000E-01,,9.25977E-01,0.00098,0.00091,-2.94140E+00,3.25659E-01,-2.97480E+00,0.234335785
NGC 1194,i,ETG,SHA,-,nb,S0,S,no,,53.2,3.7,0.011960541,6.50000E+07,3.00000E+06,3.00000E+06,7.81291E+00,2.05217E-02,1.95956E-02,2.00586E-02,Kuo et al.(2011) (Sigma from Greene et.al.2010),Stellar,1.23748E+01,1.18079E+01,,,-2.13064E+01,,,-2.18733E+01,5.96562E+10,1.07757E+01,1.00558E+11,1.10024E+01,1.09270E+01,1.07002E+01,5.11339E+10,1.07087E+01,8.61924E+10,1.09355E+01,Grade-3,6.96,0.060453792,15,0.065144172,0.8,0.32,0.332112066,0.030226896,3.62769E-02,1.20000E-01,,5.93253E-01,0.00109,0.00065,-2.89580E+00,3.34087E-01,-3.12256E+00,0.125363524
IC4296,i,ETG,SHA,-,nb,E1,E,no,,40.7,2.9,0.009150264,1.10000E+09,2.00000E+08,2.00000E+08,9.04139E+00,8.71502E-02,7.25507E-02,7.98504E-02,Graham & Scott (2013)-(Dalla Bonta et al. 2009),Gas,9.87015E+00,9.82831E+00,,,-2.32174E+01,,,-2.32592E+01,3.46778E+11,1.15401E+01,3.60401E+11,1.15568E+01,1.15175E+01,1.15007E+01,2.97238E+11,1.14731E+01,3.08915E+11,1.14898E+01,Grade-2,7.12,0.061843534,15,0.065144172,0.6,0.24,0.256258436,0.030921767,8.56285E-02,1.20000E-01,,9.62200E-01,0.00317,0.00305,-2.43171E+00,2.70186E-01,-2.44845E+00,0.147418606
n404,o,ETG,SHA,-,nb,S0,S,no,,3.06,0.37,0.000687956,7.00000E+04,2.00000E+04,1.50000E+04,4.84510E+00,1.46128E-01,8.43209E-02,1.15224E-01,Nguyen et al. (2017),Stellar,1.29985E+01,1.00988E+01,,,-1.44331E+01,,,-1.73328E+01,1.06252E+08,8.02634E+00,1.53539E+09,9.18622E+00,9.11927E+00,7.95939E+00,9.10729E+07,7.95939E+00,1.31605E+09,9.11927E+00,Grade-2,12.09,0.105012406,15,0.065144172,0.6,0.24,0.269946974,0.052506203,1.26624E-01,1.20000E-01,,6.92019E-02,0.00066,0.00005,-3.11429E+00,2.98169E-01,-4.27417E+00,0.174452222
NGC 1271,i,ETG,HST,-,nb,ES,S,no,,80,,0.017985776,3.00000E+09,1.10000E+09,1.00000E+09,9.47712E+00,1.98368E-01,1.24939E-01,1.61653E-01,Walsh et al. 2015,Stellar,,,,,,,,,9.00000E+10,1.09542E+01,1.14000E+11,1.10569E+01,1.10569E+01,1.09542E+01,9.00000E+10,1.09542E+01,1.14000E+11,1.10569E+01,Grade-1,,,,,,,0.098,0,1.61653E-01,1.20000E-01,,7.89474E-01,0.03333,0.02632,-1.47712E+00,1.89039E-01,-1.57978E+00,0.201325
n1277,o,ETG,HST,pec,nb,ES,S,no,,72.5,,0.01629961,1.20000E+09,3.00000E+08,3.00000E+08,9.07918E+00,1.24939E-01,9.69100E-02,1.10924E-01,Graham et al 2016,Stellar,,,,,,,,,2.69000E+11,1.14298E+01,3.00000E+11,1.14771E+01,1.14771E+01,1.14298E+01,2.69000E+11,1.14298E+01,3.00000E+11,1.14771E+01,Grade-1,7,0.060801227,15,0.065144172,0.11,0.044,0.099380845,0.030400614,1.15015E-01,1.20000E-01,,8.96667E-01,0.00446,0.00400,-2.35057E+00,1.52003E-01,-2.39794E+00,0.166217972
NGC 3665,i,ETG,SHA,-,nb,S0,S,no,,34.7,,0.00780133,5.75000E+08,1.18000E+08,1.49000E+08,8.75967E+00,9.97516E-02,1.00071E-01,9.99112E-02,Onishi et al.(2017),Gas,1.06157E+01,9.98943E+00,,,-2.21197E+01,,,-2.27460E+01,1.26172E+11,1.11010E+01,2.24639E+11,1.13515E+01,1.12992E+01,1.10486E+01,1.08148E+11,1.10340E+01,1.92548E+11,1.12845E+01,Grade-2,7,0.060801227,15,0.065144172,0.6,0.24,0.256008891,0.030400614,1.04434E-01,1.20000E-01,,5.61666E-01,0.00456,0.00256,-2.27435E+00,2.76490E-01,-2.52487E+00,0.159079986
n4342,o,ETG,SHA,-,nb,ES/S0,S,no,,23,1,0.005170911,4.50000E+08,1.50000E+08,2.30000E+08,8.65321E+00,1.76091E-01,1.79296E-01,1.77694E-01,Graham & Scott (2013)-(Cretton & Van den Bosch 1999),Stellar,1.24554E+01,1.16353E+01,,,-1.93757E+01,,,-2.01957E+01,1.00778E+10,1.00034E+01,2.14475E+10,1.03314E+01,1.03119E+01,9.98386E+00,8.63807E+09,9.93642E+00,1.83836E+10,1.02644E+01,Grade-2,4.35,0.03778362,15,0.065144172,0.6,0.24,0.251537999,0.01889181,1.78695E-01,1.20000E-01,,4.69880E-01,0.04465,0.02098,-1.28320E+00,3.08550E-01,-1.61122E+00,0.215248687
NGC 4350,i,ETG,SHA,-,b,EBS,S,no,,16.8,,0.003777013,7.30000E+08,5.80000E+08,2.40000E+08,8.86332E+00,6.87232E-01,1.23449E-01,4.05340E-01,Ezio Pignatelli et al.(2001),Stellar?,1.09170E+01,1.02384E+01,,,-2.02259E+01,,,-2.09045E+01,2.20530E+10,1.03435E+01,4.12003E+10,1.06149E+01,1.05419E+01,1.02705E+01,1.89026E+10,1.02765E+01,3.53145E+10,1.05480E+01,Grade-2,7,0.060801227,15,0.065144172,0.6,0.24,0.256008891,0.030400614,4.06479E-01,1.20000E-01,,5.35264E-01,0.03310,0.01772,-1.41320E+00,4.80381E-01,-1.68463E+00,0.423821785
NGC 4429,i,ETG,SHA,-,b,SB(r)0,S,no,,16.5,1.6,0.003709566,1.51000E+08,3.50000E+07,1.50000E+07,8.17898E+00,1.14519E-01,4.11311E-02,7.78250E-02,Timothy A. Davis et al.(2018),Gas,1.04149E+01,9.31432E+00,,,-2.06886E+01,,,-2.17892E+01,3.37709E+10,1.05285E+01,9.30615E+10,1.09688E+01,1.09393E+01,1.04991E+01,2.89465E+10,1.04616E+01,7.97670E+10,1.09018E+01,Grade-2,9.7,0.084253129,15,0.065144172,0.6,0.24,0.262568759,0.042126565,8.84951E-02,1.20000E-01,,3.62889E-01,0.00447,0.00162,-2.28262E+00,2.77081E-01,-2.72285E+00,0.149101931
NGC 4742,i,ETG,SHA,-,nb,S0,S,no,,15.5,1.15,0.003484744,1.41000E+07,6.18000E+06,3.58000E+06,7.14922E+00,2.50494E-01,9.82631E-02,1.74379E-01,Sabra et al. (2015)-(Kaiser et al. 2002 not found),Stellar,1.17602E+01,1.10455E+01,,,-1.92065E+01,,,-1.99212E+01,8.62408E+09,9.93571E+00,1.66568E+10,1.02216E+01,1.00460E+01,9.76012E+00,7.39207E+09,9.86877E+00,1.42773E+10,1.01546E+01,Grade-2,7.4,0.064275583,15,0.065144172,0.6,0.24,0.256856212,0.032137792,1.77315E-01,1.20000E-01,,5.17750E-01,0.00163,0.00085,-2.71955E+00,3.12115E-01,-3.00543E+00,0.214104443
NGC 5252,i,ETG,SHA,-,nb,S0,S,no,,96.8,,0.021762789,1.00000E+09,6.91000E+08,9.21000E+08,9.00000E+00,5.10042E-01,2.83527E-01,3.96784E-01,Sabra et al. (2015)-(Capetti et al.2005),Gas,1.33520E+01,1.20249E+01,,,-2.16709E+01,,,-2.29980E+01,8.34524E+10,1.09214E+01,2.83339E+11,1.14523E+01,1.14433E+01,1.09124E+01,7.15306E+10,1.08545E+01,2.42862E+11,1.13854E+01,Grade-2,7,0.060801227,15,0.065144172,0.6,0.24,0.256008891,0.030400614,3.97947E-01,1.20000E-01,,2.94532E-01,0.01198,0.00353,-1.85449E+00,4.73184E-01,-2.38536E+00,0.415646594
NGC 7332,i,ETG,SHA,pec,b,SB0(pec),S,no,,24.89,,0.005595825,1.29000E+07,4.94000E+06,7.07000E+06,7.11059E+00,2.09677E-01,1.89788E-01,1.99732E-01,Batcheldor et al. 2013 -(k.Gebhardt 2003 private comm.),Stellar,1.19222E+01,1.03745E+01,,,-2.00821E+01,,,-2.16298E+01,1.93172E+10,1.02859E+01,8.03588E+10,1.09050E+01,1.08174E+01,1.01983E+01,1.65576E+10,1.02190E+01,6.88790E+10,1.08381E+01,Grade-3,10,0.086858896,15,0.065144172,0.8,0.32,0.337917492,0.043429448,2.04400E-01,1.20000E-01,,2.40387E-01,0.00067,0.00016,-3.10841E+00,3.94927E-01,-3.72750E+00,0.237021493
NGC 7457,i,ETG,SHA,-,nb,S0,S,no,,14,,0.003147511,1.00000E+07,6.00000E+06,6.00000E+06,7.00000E+00,3.97940E-01,2.04120E-01,3.01030E-01,"Schulze & Gebhardt (2011,ApJ,729,21)",Stellar,1.27039E+01,1.07423E+01,,,-1.80404E+01,,,-2.00020E+01,2.94608E+09,9.46924E+00,1.79435E+10,1.02539E+01,1.01177E+01,9.33302E+00,2.52521E+09,9.40230E+00,1.53801E+10,1.01870E+01,Grade-2,7,0.060801227,15,0.065144172,0.6,0.24,0.256008891,0.030400614,3.02561E-01,1.20000E-01,,1.64186E-01,0.00339,0.00056,-2.40230E+00,3.96338E-01,-3.18696E+00,0.325489256
NGC 4339,i,ETG,SHA,-,nb,S0,S,no,,16,1.33,0.003597155,4.30000E+07,2.30000E+07,4.80000E+07,7.63347E+00,3.32438E-01,3.25573E-01,3.29006E-01,D. Krajnovic ́ et al. (2018),Stellar,1.23197E+01,1.10784E+01,,,-1.87165E+01,,,-1.99578E+01,5.49159E+09,9.73970E+00,1.72277E+10,1.02362E+01,1.00570E+01,9.56043E+00,4.70708E+09,9.67275E+00,1.47666E+10,1.01693E+01,Grade-2,8.31,0.072179743,15,0.065144172,0.6,0.24,0.25894725,0.036089871,3.30979E-01,1.20000E-01,,3.18764E-01,0.00783,0.00250,-2.03928E+00,4.20239E-01,-2.53581E+00,0.352061399
NGC 4578,i,ETG,SHA,-,nb,S0( r),S,no,,16.3,0.45,0.003664602,1.90000E+07,1.40000E+07,6.00000E+06,7.27875E+00,5.79784E-01,1.19186E-01,3.49485E-01,D. Krajnovic ́ et al. (2018),Stellar,1.21048E+01,1.09730E+01,,,-1.89720E+01,,,-2.01038E+01,6.94893E+09,9.84192E+00,1.97076E+10,1.02946E+01,1.01789E+01,9.72621E+00,5.95622E+09,9.77497E+00,1.68922E+10,1.02277E+01,Grade-2,7,0.060801227,15,0.065144172,0.6,0.24,0.256008891,0.030400614,3.50805E-01,1.20000E-01,,3.52602E-01,0.00273,0.00096,-2.49622E+00,4.34286E-01,-2.94893E+00,0.37076133
NGC 4434,i,ETG,S4G,-,nb,S0,S,no,,22.4,0.61,0.005036017,7.00000E+07,2.80000E+07,2.00000E+07,7.84510E+00,2.21849E-01,1.09144E-01,1.65497E-01,D. Krajnovic ́ et al. (2018),Stellar,1.24512E+01,1.17757E+01,,,-1.93218E+01,,,-1.99973E+01,9.59030E+09,9.98183E+00,1.78664E+10,1.02520E+01,1.00972E+01,9.82697E+00,8.22025E+09,9.91489E+00,1.53140E+10,1.01851E+01,Grade-2,7,0.060801227,15,0.065144172,0.6,0.24,0.256008891,0.030400614,1.68266E-01,1.20000E-01,,5.36779E-01,0.00730,0.00392,-2.06979E+00,3.06356E-01,-2.33999E+00,0.206672023
NGC 4762,i,ETG,S4G,-,b,SB0,S,no,,22.6,,0.005080982,2.30000E+07,6.00000E+06,9.00000E+06,7.36173E+00,1.31279E-01,1.43422E-01,1.37351E-01,D. Krajnovic ́ et al. (2018),Stellar,1.23393E+01,9.60607E+00,,,-1.94532E+01,,,-2.21865E+01,1.08242E+10,1.00344E+01,1.34181E+11,1.11277E+01,1.10043E+01,9.91097E+00,9.27793E+09,9.96745E+00,1.15012E+11,1.10607E+01,Grade-2,15,0.130288345,15,0.065144172,0.6,0.24,0.280746889,0.065144172,1.52016E-01,1.20000E-01,,8.06689E-02,0.00212,0.00017,-2.60572E+00,3.19261E-01,-3.69902E+00,0.193672225
NGC 1407,i,ETG,SHA,-,nb,E,E,yes,,28.05,3.37,0.006306263,4.50000E+09,4.00000E+08,9.00000E+08,9.65321E+00,4.04287E-02,7.91812E-02,5.98050E-02,Rusli et al. (2013),Stellar,9.07481E+00,8.92939E+00,,,-2.31922E+01,,,-2.33376E+01,3.38812E+11,1.15300E+01,3.87372E+11,1.15881E+01,1.15235E+01,1.14653E+01,2.90410E+11,1.14630E+01,3.32034E+11,1.15212E+01,Grade-2,12.01,0.104317535,15,0.065144172,0.6,0.24,0.269677421,0.052158767,7.93547E-02,1.20000E-01,,8.74641E-01,0.01328,0.01162,-1.80980E+00,2.81110E-01,-1.86797E+00,0.143865108
NGC 1600,i,ETG,SHA,-,nb,E3,E,yes,,64,,0.014388621,1.70000E+10,1.50000E+09,1.50000E+09,1.02304E+01,4.01172E-02,3.67228E-02,3.84200E-02,Jens Thomas et al. (2016),Stellar,1.00045E+01,1.00045E+01,,,-2.40885E+01,,,-2.40885E+01,7.73537E+11,1.18885E+01,7.73537E+11,1.18885E+01,1.18058E+01,1.18058E+01,6.63032E+11,1.18215E+01,6.63032E+11,1.18215E+01,Grade-1,7,0.060801227,15,0.065144172,0.2,0.08,0.119752046,0.030400614,4.89928E-02,1.20000E-01,,1.00000E+00,0.02198,0.02198,-1.59109E+00,1.29386E-01,-1.59109E+00,0.129615951
NGC 3923,i,ETG,SHA,-,nb,E4,E,yes,,20.88,2.7,0.004694288,2.81000E+09,6.54000E+08,8.53000E+08,9.44871E+00,1.15058E-01,1.15131E-01,1.15094E-01,Saglia et al.(2016)-(not found),Stellar?,8.59615E+00,8.59615E+00,,,-2.30228E+01,,,-2.30228E+01,2.89892E+11,1.14622E+01,2.89892E+11,1.14622E+01,1.14590E+01,1.14590E+01,2.48479E+11,1.13953E+01,2.48479E+11,1.13953E+01,Grade-1,12.93,0.112308553,15,0.065144172,0.2,0.08,0.152502375,0.056154277,1.28062E-01,1.20000E-01,,1.00000E+00,0.00969,0.00969,-1.94658E+00,1.99140E-01,-1.94658E+00,0.175499146
NGC 4552,i,ETG,SHA,-,nb,E,E,no,,14.9,0.95,0.003349851,4.70000E+08,5.00000E+07,5.00000E+07,8.67210E+00,4.88486E-02,4.39055E-02,4.63770E-02,"Graham & Scott-(Hu, Jian (2008))",Stellar,9.13367E+00,8.95855E+00,,,-2.17468E+01,,,-2.19219E+01,8.94977E+10,1.09518E+01,1.05162E+11,1.10219E+01,1.09346E+01,1.08646E+01,7.67123E+10,1.08849E+01,9.01390E+10,1.09549E+01,Grade-2,6.38,0.055415976,15,0.065144172,0.6,0.24,0.254783621,0.027707988,5.40237E-02,1.20000E-01,,8.51045E-01,0.00525,0.00447,-2.21277E+00,2.60448E-01,-2.28281E+00,0.131600005
NGC 4649,i,ETG,SHA,-,nb,E2,E,yes,,16.4,1.1,0.003687084,4.70000E+09,1.00000E+09,1.00000E+09,9.67210E+00,1.03896E-01,8.37770E-02,9.38366E-02,Graham & Scott-(Shen & Gebhardt (2010)),Stellar,7.94894E+00,7.94894E+00,,,-2.31413E+01,,,-2.31413E+01,3.23299E+11,1.15096E+01,3.23299E+11,1.15096E+01,1.14577E+01,1.14577E+01,2.77114E+11,1.14427E+01,2.77114E+11,1.14427E+01,Grade-1,6.7,0.058195461,15,0.065144172,0.2,0.08,0.118450305,0.02909773,9.82445E-02,1.20000E-01,,1.00000E+00,0.01454,0.01454,-1.77056E+00,1.53891E-01,-1.77056E+00,0.155087005
NGC 5813,i,ETG,SHA,-,nb,S0,S,yes,,31.3,2.6,0.007036935,6.80000E+08,7.00000E+07,7.00000E+07,8.83251E+00,4.71791E-02,4.25524E-02,4.48657E-02,"Graham & Scott-(Hu, Jian (2008))",Stellar,1.08261E+01,9.88622E+00,,,-2.16821E+01,,,-2.26220E+01,8.43184E+10,1.09259E+01,2.00393E+11,1.13019E+01,1.12388E+01,1.08629E+01,7.22730E+10,1.08590E+01,1.71765E+11,1.12349E+01,Grade-2,8.31,0.072179743,15,0.065144172,0.6,0.24,0.25894725,0.036089871,5.75796E-02,1.20000E-01,,4.20766E-01,0.00806,0.00339,-2.02647E+00,2.65272E-01,-2.40243E+00,0.133099253
NGC 6086,i,ETG,Sloan,-,nb,E,S,yes,,138,,0.031025464,3.70000E+09,1.10000E+09,1.80000E+09,9.56820E+00,1.53228E-01,1.72161E-01,1.62695E-01,Graham & Scott 2013-(McConnell et al. 2011),Stellar,1.28909E+01,1.24617E+01,,,-2.30282E+01,,,-2.34574E+01,4.47767E+11,1.16511E+01,6.64855E+11,1.18227E+01,1.16901E+01,1.15184E+01,3.29933E+11,1.15184E+01,3.29933E+11,1.15184E+01,Grade-2,7,0.060801227,15,0.065144172,0.6,0.24,0.256008891,0.030400614,1.65511E-01,1.20000E-01,Used stellar mass derived from corrected Ks band mag to get R-band M/L,6.73480E-01,0.00826,0.00557,-1.95022E+00,3.04851E-01,-1.95022E+00,0.204435205
NGC 0307,i,ETG,Sloan,-,b,SAB0,S,no,,52.8,,0.011870612,2.20000E+08,6.00000E+07,6.00000E+07,8.34242E+00,1.38303E-01,1.04735E-01,1.21519E-01,P.Erwin et al. (2018),Stellar,1.34563E+01,1.26224E+01,,,-2.03061E+01,,,-2.11401E+01,3.64953E+10,1.05622E+01,7.86698E+10,1.08958E+01,1.07632E+01,1.04296E+01,2.68913E+10,1.04296E+01,5.79672E+10,1.07632E+01,Grade-3,7,0.060801227,15,0.065144172,0.8,0.32,0.332175484,0.030400614,1.25264E-01,1.20000E-01,Used stellar mass derived from corrected Ks band mag to get R-band M/L,4.63905E-01,0.00603,0.00280,-2.08719E+00,3.55009E-01,-2.42076E+00,0.17346778
n4486B,o,ETG,Sloan,-,nb,E1,E,no,,15.3,,0.00343978,5.70000E+08,2.69000E+08,3.22000E+08,8.75587E+00,2.77308E-01,1.94490E-01,2.35899E-01,Sabra et al.(2015)-(Kormendy et al. 1996),Stellar,1.30922E+01,1.30922E+01,,,-1.78952E+01,,,-1.78952E+01,3.96160E+09,9.59787E+00,3.96160E+09,9.59787E+00,9.46524E+00,9.46524E+00,2.91907E+09,9.46524E+00,2.91907E+09,9.46524E+00,Grade-3,2.08,0.01806665,15,0.065144172,0.8,0.32,0.32706294,0.009033325,2.36072E-01,1.20000E-01,Used stellar mass derived from corrected Ks band mag to get R-band M/L,1.00000E+00,0.14388,0.14388,-7.09370E-01,4.03361E-01,-7.09370E-01,0.264820739
NGC 5516,i,ETG,2MASS,-,nb,E1-2,E,yes,yes?,58.44,,0.013138609,3.30000E+09,3.00000E+08,5.00000E+08,9.51851E+00,4.13927E-02,6.12697E-02,5.13312E-02,Rusli et al. (2013),Stellar,9.97926E+00,9.97926E+00,,,-2.39110E+01,,,-2.39110E+01,3.15851E+11,1.14995E+01,3.15851E+11,1.14995E+01,1.15936E+01,1.15936E+01,2.76370E+11,1.14415E+01,2.76370E+11,1.14415E+01,Grade-1,7,0.060801227,15,0.065144172,0.2,0.08,0.119752046,0.030400614,5.96581E-02,1.20000E-01,Modified_Zr pt,1.00000E+00,0.01045,0.01045,-1.92298E+00,1.33790E-01,-1.92298E+00,0.134011516
A1836BCG,i,ETG,2MASS,-,nb,E1-2,E,yes,,158,,0.035521908,3.90000E+09,5.00000E+08,4.00000E+08,9.59106E+00,5.95857E-02,4.24038E-02,5.09948E-02,Graham & Scott 2013-(Dalla Bonta el al. 2009),Stellar,1.15841E+01,1.15841E+01,,,-2.45608E+01,,,-2.45608E+01,5.74654E+11,1.17594E+01,5.74654E+11,1.17594E+01,1.18346E+01,1.18346E+01,5.02822E+11,1.17014E+01,5.02822E+11,1.17014E+01,Grade-1,7,0.060801227,15,0.065144172,0.2,0.08,0.119752046,0.030400614,5.93689E-02,1.20000E-01,Not sure if it is core and Modified Zr pt,1.00000E+00,0.00679,0.00679,-2.11035E+00,1.33661E-01,-2.11035E+00,0.133883023
NGC 1550,i,ETG,2MASS,-,nb,E1,E,yes,,51.57,,0.011594081,3.70000E+09,4.00000E+08,4.00000E+08,9.56820E+00,4.96878E-02,4.45821E-02,4.71350E-02,Rusli et al. (2013),Stellar,1.04732E+01,1.04732E+01,,,-2.31389E+01,,,-2.31389E+01,1.55110E+11,1.11906E+01,1.55110E+11,1.11906E+01,1.12603E+01,1.12603E+01,1.35721E+11,1.11326E+01,1.35721E+11,1.11326E+01,Grade-1,7,0.060801227,15,0.065144172,0.2,0.08,0.119752046,0.030400614,5.60883E-02,1.20000E-01,2MASS Redone and Modified Zr pt,1.00000E+00,0.02385,0.02385,-1.56445E+00,1.32236E-01,-1.56445E+00,0.132460944
NGC 4751,i,ETG,2MASS,-,nb,S0,S,yes,yes?,26.92,,0.006052214,1.40000E+09,1.00000E+08,2.00000E+08,9.14613E+00,3.21847E-02,5.79919E-02,4.50883E-02,Rusli et al. (2013),Stellar,1.06442E+01,1.00677E+01,,,-2.15324E+01,,,-2.21088E+01,3.53232E+10,1.05481E+01,6.00658E+10,1.07786E+01,1.08606E+01,1.06300E+01,3.09078E+10,1.04901E+01,5.25575E+10,1.07206E+01,Grade-2,7,0.060801227,15,0.065144172,0.6,0.24,0.256008891,0.030400614,5.43797E-02,1.20000E-01,Modified_Zr pt & doubt about Core,5.88076E-01,0.03963,0.02331,-1.34394E+00,2.61721E-01,-1.57451E+00,0.13174655
NGC 5328,i,ETG,2MASS,-,nb,E1,E,yes,,64.1,,0.014411103,4.70000E+09,1.90000E+09,9.00000E+08,9.67210E+00,2.24940E-01,7.60902E-02,1.50515E-01,Rusli et al. (2013),Stellar,1.00637E+01,1.00637E+01,,,-2.40327E+01,,,-2.40327E+01,3.53322E+11,1.15482E+01,3.53322E+11,1.15482E+01,1.15560E+01,1.15560E+01,3.09156E+11,1.14902E+01,3.09156E+11,1.14902E+01,Grade-1,7,0.060801227,15,0.065144172,0.2,0.08,0.119752046,0.030400614,1.53554E-01,1.20000E-01,Modified_Zr pt,1.00000E+00,0.01330,0.01330,-1.81808E+00,1.94729E-01,-1.81808E+00,0.194881918
n5845,i,ETG,SHA,-,nb,ES,S,no,no,25.2,,0.005665519,2.60000E+08,1.50000E+08,4.00000E+07,8.41497E+00,3.73581E-01,6.21479E-02,2.17864E-01,-,-,1.21978E+01,1.17091E+01,,,-1.98338E+01,,,-2.03225E+01,1.53678E+10,1.01866E+01,2.41038E+10,1.03821E+01,1.03643E+01,1.01688E+01,1.31724E+10,1.01197E+01,2.06604E+10,1.03151E+01,Grade-2,7,0.060801227,15,0.065144172,0.6,0.24,0.256008891,0.030400614,2.19975E-01,1.20000E-01,,6.37566E-01,0.01692,0.01079,-1.70469E+00,3.37535E-01,-1.90017E+00,0.250577421
n7052,i,ETG,SHA,-,nb,E4,E,yes,yes,66.4,,0.014928194,3.70000E+08,1.50000E+08,2.60000E+08,8.56820E+00,2.25779E-01,2.31139E-01,2.28459E-01,-,-,1.09834E+01,1.09834E+01,,,-2.31918E+01,,,-2.31918E+01,3.38696E+11,1.15298E+01,3.38696E+11,1.15298E+01,1.16529E+01,1.16529E+01,2.90311E+11,1.14629E+01,2.90311E+11,1.14629E+01,Grade-1,7,0.060801227,15,0.065144172,0.2,0.08,0.119752046,0.030400614,2.30473E-01,1.20000E-01,,1.00000E+00,0.00109,0.00109,-2.89466E+00,2.59727E-01,-2.89466E+00,0.259841648
n2787,o,ETG,S4G,-,b,SB0(r),S,no,no,7.3,,0.001641202,4.00000E+07,5.00000E+06,4.00000E+06,7.60206E+00,5.79919E-02,4.13927E-02,4.96923E-02,-,-,1.19746E+01,9.81241E+00,,,-1.73491E+01,,,-1.95113E+01,1.55865E+09,9.19275E+00,1.14191E+10,1.00576E+01,1.00651E+01,9.20023E+00,1.33599E+09,9.12580E+00,9.78776E+09,9.99068E+00,Grade-2,7,0.060801227,15,0.065144172,0.6,0.24,0.256008891,0.030400614,5.82540E-02,1.20000E-01,,1.36496E-01,0.02566,0.00350,-1.52374E+00,2.62553E-01,-2.38862E+00,0.133392367
n0524,i,ETG,SHA,-,nb,SA0(rs),S,yes,yes,23.3,,0.005238357,8.30000E+08,1.30000E+08,2.70000E+08,8.91908E+00,7.39801E-02,1.22315E-01,9.81473E-02,-,-,1.08924E+01,9.64888E+00,,,-2.09671E+01,,,-2.22106E+01,4.36454E+10,1.06399E+01,1.37194E+11,1.11373E+01,1.10713E+01,1.05739E+01,3.74104E+10,1.05730E+01,1.17594E+11,1.10704E+01,Grade-2,7,0.060801227,15,0.065144172,0.6,0.24,0.256008891,0.030400614,1.02748E-01,1.20000E-01,Giulia called it grade 1,3.18130E-01,0.01902,0.00605,-1.65391E+00,2.75858E-01,-2.15131E+00,0.157978145
n4026,i,ETG,SHA,-,b,SB0,S,no,no,13.2,,0.002967653,1.80000E+08,3.00000E+07,6.00000E+07,8.25527E+00,7.91812E-02,1.24939E-01,1.02060E-01,-,-,1.08000E+01,1.01779E+01,,,-1.98157E+01,,,-2.04378E+01,1.51140E+10,1.01794E+01,2.68058E+10,1.04282E+01,1.03438E+01,1.00949E+01,1.29549E+10,1.01124E+01,2.29764E+10,1.03613E+01,Grade-3,7,0.060801227,15,0.065144172,0.8,0.32,0.332175484,0.030400614,1.06491E-01,1.20000E-01,Used analytical magnitude for spheroid,5.63833E-01,0.01191,0.00671,-1.85716E+00,3.48828E-01,-2.10601E+00,0.160438272
n1374,i,ETG,SHA,-,nb,S0,S,no,no?,19.2,,0.004316586,5.80000E+08,5.00000E+07,5.00000E+07,8.76343E+00,3.91521E-02,3.59126E-02,3.75323E-02,-,-,1.13412E+01,1.06065E+01,,,-2.00940E+01,,,-2.08287E+01,1.95293E+10,1.02907E+01,3.84235E+10,1.05846E+01,1.04461E+01,1.01522E+01,1.67394E+10,1.02237E+01,3.29344E+10,1.05176E+01,Grade-2,7,0.060801227,15,0.065144172,0.6,0.24,0.256008891,0.030400614,4.82998E-02,1.20000E-01,Not sure about grade-2 Giulia assigned grade-1,5.08265E-01,0.02970,0.01509,-1.46031E+00,2.60525E-01,-1.75422E+00,0.12935561
NGC 5419,i,ETG,SHA,-,nb,E2-3,E,yes,,56.2,,0.012635008,7.20000E+09,1.90000E+09,2.70000E+09,9.85733E+00,1.33057E-01,1.38303E-01,1.35680E-01,Mazzalay et al.(2016),Stellar,1.06558E+01,9.80339E+00,,,-2.31474E+01,,,-2.39998E+01,3.25130E+11,1.15121E+01,7.12898E+11,1.18530E+01,1.18859E+01,1.15449E+01,2.78683E+11,1.14451E+01,2.78683E+11,1.14451E+01,Grade-1,7,0.060801227,15,0.065144172,0.2,0.08,0.119752046,0.030400614,1.39044E-01,1.20000E-01,Added disk for halo,4.56068E-01,0.02214,0.01010,-1.58778E+00,1.83504E-01,-1.58778E+00,0.183665914
Circinus,i,LTG,,,,,,,,,,,,,,6.25236E+00,,,,,,,,,,,,,,,,,,,,,1.01167E+01,,1.06208E+01,,,,,,,,0.20358159,,1.10172E-01,1.77019E-01,,,,,-3.86435E+00,2.31481E-01,-4.36843E+00,0.208502849
ESO558-G009,i,LTG,,,,,,,,,,,,,,7.26076E+00,,,,,,,,,,,,,,,,,,,,,9.89178E+00,,1.10279E+01,,,,,,,,0.106915071,,3.64337E-02,9.50384E-02,,,,,-2.63102E+00,1.12952E-01,-3.76710E+00,0.101782706
IC 2560,i,LTG,,,,,,,,,,,,,,6.48645E+00,,,,,,,,,,,,,,,,,,,,,9.63270E+00,,1.06574E+01,,,,,,,,0.387820352,,2.03194E-01,3.72297E-01,,,0.01068,0.00746,-3.14624E+00,4.37827E-01,-4.17093E+00,0.424137236
J0437+2456,i,LTG,,,,,,,,,,,,,,6.50955E+00,,,,,,,,,,,,,,,,,,,,,9.89891E+00,,1.09692E+01,,,,,,,,0.203692915,,4.55565E-02,9.58438E-02,,,,,-3.38935E+00,2.08725E-01,-4.45969E+00,0.10611989
Milky Way,i,LTG,,,,,,,,,,,,,,6.60423E+00,,,,,,,,,,,,,,,,,,,,,9.95904E+00,,1.07839E+01,,,,,,,,0.0464,,1.76740E-02,9.54000E-02,,,0.00488,0.00334,-3.35482E+00,4.96521E-02,-4.17968E+00,0.097023346
Mrk 1029,i,LTG,,,,,,,,,,,,,,6.33317E+00,,,,,,,,,,,,,,,,,,,,,9.90101E+00,,1.06575E+01,,,,,,,,0.106915071,,1.17223E-01,9.48254E-02,,,,,-3.56783E+00,1.58657E-01,-4.32428E+00,0.150774748
NGC 0224,i,LTG,,,,,,,,,,,,,,8.15311E+00,,,,,,,,,,,,,,,,,,,,,1.01069E+01,,1.08846E+01,,,,,,,,0.094808097,,1.60766E-01,9.51820E-02,,,,,-1.95380E+00,1.86640E-01,-2.73152E+00,0.186829807
NGC 0253,i,LTG,,,,,,,,,,,,,,6.99589E+00,,,,,,,,,,,,,,,,,,,,,9.75638E+00,,1.07145E+01,,,,,,,,0.091495018,,3.01369E-01,7.81960E-02,,,,,-2.76050E+00,3.14951E-01,-3.71864E+00,0.311348034
NGC 1068,i,LTG,,,,,,,,,,,,,,6.74875E+00,,,,,,,,,,,,,,,,,,,,,1.02691E+01,,1.07798E+01,,,,,,,,0.240955598,,7.99903E-02,1.80625E-01,,,,,-3.52039E+00,2.53886E-01,-4.03107E+00,0.197544865
NGC 1097,i,LTG,,,,,,,,,,,,,,8.38096E+00,,,,,,,,,,,,,,,,,,,,,1.08303E+01,,1.14049E+01,,,,,,,,0.197059481,,3.53416E-02,9.66531E-02,,,,,-2.44934E+00,2.00204E-01,-3.02391E+00,0.102911816
NGC 1300,i,LTG,,,,,,,,,,,,,,7.70738E+00,,,,,,,,,,,,,,,,,,,,,9.42473E+00,,1.02981E+01,,,,,,,,0.246372036,,1.63710E-01,1.70724E-01,,,,,-1.71734E+00,2.95804E-01,-2.59069E+00,0.236532126
NGC 1320,i,LTG,,,,,,,,,,,,,,6.78268E+00,,,,,,,,,,,,,,,,,,,,,1.02531E+01,,1.05805E+01,,,,,,,,0.400556246,,2.87779E-01,3.95141E-01,,,,,-3.47046E+00,4.93216E-01,-3.79784E+00,0.488828329
NGC 1398,i,LTG,,,,,,,,,,,,,,8.03309E+00,,,,,,,,,,,,,,,,,,,,,1.05720E+01,,1.12462E+01,,,,,,,,0.198537929,,1.14134E-01,1.76072E-01,,,,,-2.53886E+00,2.29006E-01,-3.21313E+00,0.209828119
NGC 2273,i,LTG,,,,,,,,,,,,,,6.96513E+00,,,,,,,,,,,,,,,,,,,,,9.98147E+00,,1.07716E+01,,,,,,,,0.201142722,,9.02225E-02,1.94950E-01,,,,,-3.01634E+00,2.20451E-01,-3.80642E+00,0.214815282
NGC 2960,i,LTG,,,,,,,,,,,,,,7.05779E+00,,,,,,,,,,,,,,,,,,,,,1.04413E+01,,1.08589E+01,,,,,,,,0.355913943,,1.65790E-01,3.37971E-01,,,,,-3.38355E+00,3.92633E-01,-3.80108E+00,0.376445053
NGC 2974,i,LTG,,,,,,,,,,,,,,8.23000E+00,,,,,,,,,,,,,,,,,,,,,1.02317E+01,,1.07295E+01,,,,,,,,0.133638406,,7.21858E-02,1.24972E-01,,,,,-2.00165E+00,1.51888E-01,-2.49945E+00,0.144321421
NGC 3031,i,LTG,,,,,,,,,,,,,,7.82714E+00,,,,,,,,,,,,,,,,,,,,,1.01629E+01,,1.06462E+01,,,,,,,,0.108196908,,8.95480E-02,8.18254E-02,,,,,-2.33571E+00,1.40447E-01,-2.81904E+00,0.121302271
NGC 3079,i,LTG,,,,,,,,,,,,,,6.37790E+00,,,,,,,,,,,,,,,,,,,,,9.91520E+00,,1.06815E+01,,,,,,,,0.246350533,,1.16277E-01,1.84401E-01,,,,,-3.53730E+00,2.72413E-01,-4.30355E+00,0.217999903
NGC 3227,i,LTG,,,,,,,,,,,,,,7.87954E+00,,,,,,,,,,,,,,,,,,,,,1.00372E+01,,1.08013E+01,,,,,,,,0.167149272,,1.35804E-01,1.44111E-01,,,,,-2.15767E+00,2.15364E-01,-2.92176E+00,0.198017083
NGC 3368,i,LTG,,,,,,,,,,,,,,6.88802E+00,,,,,,,,,,,,,,,,,,,,,9.80881E+00,,1.06876E+01,,,,,,,,0.100733369,,9.16511E-02,8.71904E-02,,,,,-2.92079E+00,1.36188E-01,-3.79956E+00,0.126499373
NGC 3393,i,LTG,,,,,,,,,,,,,,7.48851E+00,,,,,,,,,,,,,,,,,,,,,1.02299E+01,,1.10009E+01,,,,,,,,0.120022124,,5.24892E-02,1.00074E-01,,,,,-2.74143E+00,1.30998E-01,-3.51241E+00,0.113004017
NGC 3627,i,LTG,,,,,,,,,,,,,,6.95084E+00,,,,,,,,,,,,,,,,,,,,,9.73778E+00,,1.07763E+01,,,,,,,,0.195916219,,5.43268E-02,9.71355E-02,,,,,-2.78694E+00,2.03309E-01,-3.82543E+00,0.111295596
NGC 4151,i,LTG,,,,,,,,,,,,,,7.67895E+00,,,,,,,,,,,,,,,,,,,,,1.02743E+01,,1.06221E+01,,,,,,,,0.147222375,,3.66433E-01,1.39305E-01,,,,,-2.59539E+00,3.94902E-01,-2.94314E+00,0.392018828
NGC 4258,i,LTG,,,,,,,,,,,,,,7.60206E+00,,,,,,,,,,,,,,,,,,,,,1.00481E+01,,1.07239E+01,,,,,,,,0.181962144,,1.01059E-02,8.51609E-02,,,,,-2.44600E+00,1.82243E-01,-3.12183E+00,0.085758413
NGC 4303,i,LTG,,,,,,,,,,,,,,6.58240E+00,,,,,,,,,,,,,,,,,,,,,9.41780E+00,,1.04754E+01,,,,,,,,0.10263994,,1.66748E-01,8.98144E-02,,,,,-2.83539E+00,1.95806E-01,-3.89299E+00,0.189397815
NGC 4388,i,LTG,,,,,,,,,,,,,,6.89553E+00,,,,,,,,,,,,,,,,,,,,,1.00664E+01,,1.04398E+01,,,,,,,,0.218139312,,1.10379E-01,2.20502E-01,,,,,-3.17088E+00,2.44475E-01,-3.54428E+00,0.246586196
NGC 4501,i,LTG,,,,,,,,,,,,,,7.13111E+00,,,,,,,,,,,,,,,,,,,,,1.01120E+01,,1.06700E+01,,,,,,,,0.164741583,,8.00828E-02,8.17213E-02,,,,,-2.98085E+00,1.83175E-01,-3.53888E+00,0.114418673
NGC 4594,i,LTG,,,,,,,,,,,,,,8.80832E+00,,,,,,,,,,,,,,,,,,,,,1.08085E+01,,1.10300E+01,,,,,,,,0.198033104,,3.30887E-02,1.39317E-01,,,,,-2.00021E+00,2.00778E-01,-2.22173E+00,0.143192824
NGC 4699,i,LTG,,,,,,,,,,,,,,8.34353E+00,,,,,,,,,,,,,,,,,,,,,1.11186E+01,,1.12859E+01,,,,,,,,0.261678963,,1.02074E-01,2.25955E-01,,,,,-2.77509E+00,2.80882E-01,-2.94232E+00,0.247941081
NGC 4736,i,LTG,,,,,,,,,,,,,,6.77862E+00,,,,,,,,,,,,,,,,,,,,,9.88712E+00,,1.03681E+01,,,,,,,,0.088413544,,1.02274E-01,7.77128E-02,,,,,-3.10849E+00,1.35192E-01,-3.58946E+00,0.128449572
NGC 4826,i,LTG,,,,,,,,,,,,,,6.07134E+00,,,,,,,,,,,,,,,,,,,,,9.54708E+00,,1.04113E+01,,,,,,,,0.218070585,,1.50294E-01,2.12417E-01,,,,,-3.47574E+00,2.64845E-01,-4.33998E+00,0.260209657
NGC 4945,i,LTG,,,,,,,,,,,,,,6.14847E+00,,,,,,,,,,,,,,,,,,,,,9.38729E+00,,1.05151E+01,,,,,,,,0.194656347,,3.01846E-01,8.72745E-02,,,,,-3.23882E+00,3.59169E-01,-4.36663E+00,0.314209996
NGC 5055,i,LTG,,,,,,,,,,,,,,8.93838E+00,,,,,,,,,,,,,,,,,,,,,1.04887E+01,,1.08057E+01,,,,,,,,0.110156584,,9.99876E-02,9.63908E-02,,,,,-1.55035E+00,1.48768E-01,-1.86732E+00,0.138883811
NGC 5495,i,LTG,,,,,,,,,,,,,,7.04483E+00,,,,,,,,,,,,,,,,,,,,,1.05403E+01,,1.13127E+01,,,,,,,,0.118947962,,8.39985E-02,9.68930E-02,,,,,-3.49542E+00,1.45617E-01,-4.26786E+00,0.1282342
NGC 5765b,i,LTG,,,,,,,,,,,,,,7.71658E+00,,,,,,,,,,,,,,,,,,,,,1.00380E+01,,1.11109E+01,,,,,,,,0.130091962,,4.78952E-02,1.20419E-01,,,,,-2.32143E+00,1.38629E-01,-3.39431E+00,0.129593982
NGC 6264,i,LTG,,,,,,,,,,,,,,7.50699E+00,,,,,,,,,,,,,,,,,,,,,1.00066E+01,,1.10619E+01,,,,,,,,0.154579694,,5.60619E-02,1.42160E-01,,,,,-2.49966E+00,1.64432E-01,-3.55496E+00,0.152815353
NGC 6323,i,LTG,,,,,,,,,,,,,,7.01556E+00,,,,,,,,,,,,,,,,,,,,,9.86429E+00,,1.10424E+01,,,,,,,,0.314036919,,1.35039E-01,2.83558E-01,,,,,-2.84873E+00,3.41840E-01,-4.02682E+00,0.314071224
NGC 7582,i,LTG,,,,,,,,,,,,,,7.67400E+00,,,,,,,,,,,,,,,,,,,,,1.01530E+01,,1.07731E+01,,,,,,,,0.198220178,,8.96173E-02,1.07238E-01,,,,,-2.47901E+00,2.17537E-01,-3.09911E+00,0.139754498
UGC 3789,i,LTG,,,,,,,,,,,,,,7.05546E+00,,,,,,,,,,,,,,,,,,,,,1.01779E+01,,1.07369E+01,,,,,,,,0.138699163,,5.12178E-02,1.30431E-01,,,,,-3.12244E+00,1.47854E-01,-3.68148E+00,0.140126625
UGC 6093,i,LTG,,,,,,,,,,,,,,7.41481E+00,,,,,,,,,,,,,,,,,,,,,1.03511E+01,,1.12586E+01,,,,,,,,0.135076737,,3.49930E-02,1.14968E-01,,,,,-2.93629E+00,1.39536E-01,-3.84375E+00,0.120175782
LEDA 87300,o,LTG,,,,,,,,,,,,,,4.48000E+00,,,,,,,,,,,,,,,,,,,,,8.15000E+00,,9.39000E+00,,,,,,,,0.3,,6.00000E-01,3.00000E-01,,,,,-3.67000E+00,6.70820E-01,-4.91000E+00,0.670820393